[
    {
        "text":"=======================================",
        "color":"green"
    },
    {
        "text":"\n\n欢迎乘坐地铁 Welcome to take the metro",
        "color":"green",
        "bold":true
    },
    {
        "text":"\n\n卡类型 Card Type : ",
        "color":"aqua",
        "bold":true
        },
    {
        "text":"单程票 Single Journey Ticket",
        "color":"aqua",
        "underlined":true
    },
    {
        "text":"\n余额 Balance : ",
        "color":"aqua",
        "bold":true
    },
    {
        "score":{
            "objective":"ticket",
            "name":"@p"
        },
        "color":"aqua",
        "underlined":true
    },
    {
        "text":"\n\n=======================================",
        "color":"green"
    }
]